n,experiment,empirical_runtime_mean,empirical_runtime_std,lbds,computed_runtime_mean
500,theory_dyn,3227.896,355.6363440145003,"[]",3224.8946862877488
1000,theory_dyn,6605.074,520.8017324510355,"[]",6586.669638150198
2000,theory_dyn,13315.528,812.947297932652,"[]",13386.442970005153
3000,theory_dyn,20128.966,966.3944126721759,"[]",
500,tuned_dyn,34580.338,1885.4089285234647,"[]",34445.01484817475
1000,tuned_dyn,148697.388,6142.524983217894,"[]",148396.6523171864
2000,tuned_dyn,578759.094,14358.949711492272,"[]",578391.8675045863
3000,tuned_dyn,1.8446744073709552e+19,0.0,"[]",
500,tuned_static,4016.198,440.9751725392258,"[]",4041.1528393856424
1000,tuned_static,8541.734,967.4183785953211,"[]",8490.943846004116
2000,tuned_static,17809.542,1702.642563850675,"[]",17863.73815031364
3000,tuned_static,27639.916,2414.580131812568,"[]",
2000,tuned_dyn_cas_bin0,17973.93,1760.6141942799393,"[]",17953.387677801355
2000,tuned_dyn_cas_bin1,18165.676,1897.3838080430644,"[]",18193.26658520145
2000,tuned_dyn_cas_bin2,16642.424,1573.0822941677272,"[]",16517.918292790855
2000,tuned_dyn_cas_bin3,14873.886,1242.149472891246,"[]",14797.50821188956
2000,tuned_dyn_cas_bin4,13918.14,1050.7263051813256,"[]",13935.585587179186
2000,tuned_dyn_cas_bin5,13615.5,909.4444512998031,"[]",13570.913216041155
2000,tuned_dyn_cas_bin6,13380.312,944.0415132058547,"[]",13389.455133213814
2000,tuned_dyn_cas_bin7,13158.816,753.191719380929,"[]",13156.54319504658
2000,tuned_dyn_cas_bin8,12806.41,783.8195697352803,"[]",12771.856834873173
2000,tuned_dyn_cas_bin9,12748.334,775.686541358041,"[]",12760.02637104073
2000,tuned_dyn_cas_bin10,12709.994,751.2379369840157,"[]",12703.88128569052
3000,tuned_dyn_cas_bin0,27738.088,2473.79572888628,"[]",27606.151305534742
3000,tuned_dyn_cas_bin0,27738.088,2473.79572888628,"[]",
3000,tuned_dyn_cas_bin1,28100.758,2198.7053298329906,"[]",27918.509749057383
3000,tuned_dyn_cas_bin1,28100.758,2198.7053298329906,"[]",
3000,tuned_dyn_cas_bin2,25352.886,2085.7666592895766,"[]",25485.560524655382
3000,tuned_dyn_cas_bin2,25352.886,2085.7666592895766,"[]",
3000,tuned_dyn_cas_bin3,22509.506,1847.1250195815117,"[]",22609.885461408267
3000,tuned_dyn_cas_bin3,22509.506,1847.1250195815117,"[]",
3000,tuned_dyn_cas_bin4,21517.504,1344.8969796917531,"[]",21513.53856758821
3000,tuned_dyn_cas_bin4,21517.504,1344.8969796917531,"[]",
3000,tuned_dyn_cas_bin5,20554.636,1248.762446386021,"[]",20627.847244990448
3000,tuned_dyn_cas_bin5,20554.636,1248.762446386021,"[]",
3000,tuned_dyn_cas_bin6,19941.13,1215.4887071050887,"[]",19946.806487975347
3000,tuned_dyn_cas_bin6,19941.13,1215.4887071050887,"[]",
3000,tuned_dyn_cas_bin7,19873.578,1113.9556094907912,"[]",19938.854494430885
3000,tuned_dyn_cas_bin7,19873.578,1113.9556094907912,"[]",
3000,tuned_dyn_cas_bin8,19637.168,1144.4848377221954,"[]",19678.98135358599
3000,tuned_dyn_cas_bin8,19637.168,1144.4848377221954,"[]",
3000,tuned_dyn_cas_bin9,19846.778,1142.7461611031558,"[]",
3000,tuned_dyn_cas_bin10,19417.278,1083.046592126119,"[]",
3000,tuned_dyn_cas_bin11,19411.002,1044.2023491622683,"[]",
500,tuned_dyn_cas_bin0,4037.552,551.7855156634687,"[]",4014.8535530184263
500,tuned_dyn_cas_bin1,4010.47,543.2271542366049,"[]",4017.2205978814573
500,tuned_dyn_cas_bin2,4003.96,615.0470180400845,"[]",4002.4474176242857
500,tuned_dyn_cas_bin3,3501.114,448.48952831030516,"[]",3525.206379259032
500,tuned_dyn_cas_bin4,3552.846,425.52020666943656,"[]",3536.754323511126
500,tuned_dyn_cas_bin5,3454.804,436.9625997542581,"[]",3423.49903005641
500,tuned_dyn_cas_bin6,3358.43,396.0216270609473,"[]",3335.1401224614583
500,tuned_dyn_cas_bin7,3254.794,372.5371975575057,"[]",3247.105255179043
500,tuned_dyn_cas_bin8,3234.78,369.3837727892226,"[]",3249.0851733015793
1000,tuned_dyn_cas_bin0,8504.974,1002.2172565486986,"[]",8521.786369860098
1000,tuned_dyn_cas_bin1,8417.238,870.9108779639854,"[]",8488.569420543297
1000,tuned_dyn_cas_bin2,7843.776,743.2329472137252,"[]",7865.680951040766
1000,tuned_dyn_cas_bin3,7187.292,740.3646822586826,"[]",7186.702189519613
1000,tuned_dyn_cas_bin4,6842.966,657.0257322540724,"[]",6836.915228244876
1000,tuned_dyn_cas_bin5,6650.756,575.5787004954232,"[]",6585.193014409487
1000,tuned_dyn_cas_bin6,6462.554,522.6044537544624,"[]",6482.581907449726
1000,tuned_dyn_cas_bin7,6474.388,500.51525996317037,"[]",6487.265715839304
1000,tuned_dyn_cas_bin8,6487.806,521.0554484543846,"[]",6497.663530465809
1000,tuned_dyn_cas_bin9,6492.32,507.6905214793753,"[]",6512.324977540102
2000,binned_theory_dyn_start,13486.844,833.5550321748409,"[]",
3000,binned_theory_dyn_start,20380.328,1055.487786957291,"[]",
500,binned_theory_dyn_start,3269.444,383.1627472289028,"[]",
1000,binned_theory_dyn_start,6706.202,522.3830981147839,"[]",
2000,binned_theory_dyn_end,13217.484,731.4519162214287,"[]",
3000,binned_theory_dyn_end,20109.17,996.9837817637757,"[]",
500,binned_theory_dyn_end,3205.402,330.3413815978858,"[]",
1000,binned_theory_dyn_end,6530.726,522.1391719876991,"[]",
2000,binned_theory_dyn_middle,13492.13,841.4602076747301,"[]",
3000,binned_theory_dyn_middle,20403.156,999.3311341412315,"[]",
500,binned_theory_dyn_middle,3255.718,324.41164972300237,"[]",
1000,binned_theory_dyn_middle,6612.14,496.48075128850667,"[]",
2000,tuned_dyn_bin0,17973.93,1760.6141942799393,"[]",17953.387677801355
2000,tuned_dyn_bin1,18134.338,1625.4298913690495,"[]",18119.854969551405
2000,tuned_dyn_bin2,17124.298,1692.7520436248187,"[]",17019.644472418397
2000,tuned_dyn_bin3,16010.414,2010.2579791171083,"[]",16010.65963393012
2000,tuned_dyn_bin4,15294.148,1970.7144973577476,"[]",15327.351072198777
2000,tuned_dyn_bin5,28992.448,1557.6842835748198,"[]",28902.009989559938
2000,tuned_dyn_bin6,37392.862,1355.118186342431,"[]",37328.152159261015
2000,tuned_dyn_bin7,51800.298,3810.695359274472,"[]",51824.055273109916
2000,tuned_dyn_bin8,32874.678,3636.3089530891075,"[]",33086.611933302134
2000,tuned_dyn_bin9,52537.312,3171.1536674617328,"[]",52537.80415400456
2000,tuned_dyn_bin10,36457.908,2721.778921870033,"[]",36637.920182498296
3000,tuned_dyn_bin0,27738.088,2473.79572888628,"[]",27606.151305534742
3000,tuned_dyn_bin0,27738.088,2473.79572888628,"[]",
3000,tuned_dyn_bin1,28100.758,2198.7053298329906,"[]",27918.509749057383
3000,tuned_dyn_bin1,28100.758,2198.7053298329906,"[]",
3000,tuned_dyn_bin2,25865.386,2116.373621316425,"[]",25883.076539198173
3000,tuned_dyn_bin2,25865.386,2116.373621316425,"[]",
3000,tuned_dyn_bin3,23136.168,2018.2289047023382,"[]",23283.979423179528
3000,tuned_dyn_bin3,23136.168,2018.2289047023382,"[]",
3000,tuned_dyn_bin4,22744.41,2200.7096886913546,"[]",22667.890639254372
3000,tuned_dyn_bin4,22744.41,2200.7096886913546,"[]",
3000,tuned_dyn_bin5,31495.094,1418.3287591965411,"[]",
3000,tuned_dyn_bin6,87831.694,3679.0358270019606,"[]",87898.63681282355
3000,tuned_dyn_bin6,87831.694,3679.0358270019606,"[]",
3000,tuned_dyn_bin7,138053.634,5764.301969540111,"[]",
3000,tuned_dyn_bin8,157308.866,5041.5354645230855,"[]",157324.98222023656
3000,tuned_dyn_bin8,157308.866,5041.5354645230855,"[]",
3000,tuned_dyn_bin9,37566.54,1573.3337816242297,"[]",37494.56740712278
3000,tuned_dyn_bin9,37566.54,1573.3337816242297,"[]",
3000,tuned_dyn_bin10,110027.282,6671.828064816718,"[]",
3000,tuned_dyn_bin11,75002.05,6062.956396965098,"[]",75037.46165416966
3000,tuned_dyn_bin11,75002.05,6062.956396965098,"[]",
500,tuned_dyn_bin0,4037.552,551.7855156634687,"[]",4014.8535530184263
500,tuned_dyn_bin1,4006.254,452.1160708092558,"[]",4026.777180825447
500,tuned_dyn_bin2,3953.032,586.0231420140334,"[]",3946.4863143576913
500,tuned_dyn_bin3,3491.158,466.43483257149654,"[]",3508.288274594541
500,tuned_dyn_bin4,3839.174,523.3510711979101,"[]",3834.4896318923206
500,tuned_dyn_bin5,6446.9,455.7605621376207,"[]",6446.710587951021
500,tuned_dyn_bin5,6446.9,455.7605621376207,"[]",5452.393798535717
500,tuned_dyn_bin5,6446.9,455.7605621376207,"[]",3737.3956470035037
500,tuned_dyn_bin5,6446.9,455.7605621376207,"[]",4483.804285357748
500,tuned_dyn_bin5,6446.9,455.7605621376207,"[]",4371.251979012275
500,tuned_dyn_bin5,6446.9,455.7605621376207,"[]",6644.906071943559
500,tuned_dyn_bin6,5588.926,597.6881197782,"[]",5543.465946162837
500,tuned_dyn_bin7,4343.76,398.0341422541539,"[]",4346.84840452845
500,tuned_dyn_bin8,7988.216,1565.5763939661329,"[]",8060.103936096676
1000,tuned_dyn_bin0,8504.974,1002.2172565486986,"[]",8521.786369860098
1000,tuned_dyn_bin1,9198.626,1177.8268523530953,"[]",9174.06414615607
1000,tuned_dyn_bin2,8125.63,910.9778488525393,"[]",8130.148945099742
1000,tuned_dyn_bin3,7322.472,733.4540675570624,"[]",7301.550334009212
1000,tuned_dyn_bin4,7612.828,940.0482468554474,"[]",7619.281548381525
1000,tuned_dyn_bin5,6855.194,612.9301333463709,"[]",6838.045115176339
1000,tuned_dyn_bin6,22794.446,1144.9016512714095,"[]",22783.049243928403
1000,tuned_dyn_bin6,22794.446,1144.9016512714095,"[]",16559.056284973816
1000,tuned_dyn_bin6,22794.446,1144.9016512714095,"[]",12134.310025301265
1000,tuned_dyn_bin6,22794.446,1144.9016512714095,"[]",7440.399953415322
1000,tuned_dyn_bin6,22794.446,1144.9016512714095,"[]",8873.528350177306
1000,tuned_dyn_bin6,22794.446,1144.9016512714095,"[]",6724.593349626149
1000,tuned_dyn_bin7,10004.932,741.3586334399837,"[]",10075.614309061699
1000,tuned_dyn_bin8,13523.888,1352.4372752390404,"[]",13484.945822776092
1000,tuned_dyn_bin9,11468.866,844.4271431236682,"[]",11504.245503037024
500,binned_optimal_dyn_start,3285.354,529.028332590987,"[]",3327.579098542799
1000,binned_optimal_dyn_start,6033.926,476.75308129470966,"[]",6045.465415991826
500,binned_optimal_dyn_end,3031.6,295.95535474121766,"[]",3022.194930120731
1000,binned_optimal_dyn_end,6165.264,488.2068069005183,"[]",6193.358458852786
500,binned_optimal_dyn_middle,2929.17,322.81294444306286,"[]",2943.859885017389
1000,binned_optimal_dyn_middle,6033.834,457.31585850919276,"[]",6032.358381413758
500,tuned_dyn_bin_sc5,5434.688,412.5019110937548,"[]",
500,tuned_dyn_bin_sc5,3689.726,470.1196134219461,"[]",
500,tuned_dyn_bin_sc5,4472.518,359.08781332147714,"[]",
500,tuned_dyn_bin_sc5,4396.396,492.89964007290575,"[]",
500,tuned_dyn_bin_sc5,6613.588,446.6125818379952,"[]",
1000,tuned_dyn_bin_sc6,16562.328,1590.173503871826,"[]",
1000,tuned_dyn_bin_sc6,12110.524,829.1405269458248,"[]",
1000,tuned_dyn_bin_sc6,7471.068,713.7915321548722,"[]",
1000,tuned_dyn_bin_sc6,8910.534,595.9350911332542,"[]",
1000,tuned_dyn_bin_sc6,6709.658,568.5661518557009,"[]",
500,tuned_dyn_bin_sc8,5818.312,1150.748604455378,"[]",
1000,tuned_dyn_bin_sc9,15109.752,3428.1106899422016,"[]",
500,tuned_dyn_cas_bin_sc5,3477.646,459.3780280814484,"[]",
500,tuned_dyn_cas_bin_sc5,3315.148,396.62306299054273,"[]",
500,tuned_dyn_cas_bin_sc5,3368.168,420.9604301784195,"[]",
500,tuned_dyn_cas_bin_sc5,3340.506,405.41239986463165,"[]",
500,tuned_dyn_cas_bin_sc5,3399.14,414.1153805402547,"[]",
1000,tuned_dyn_cas_bin_sc6,6587.566,548.6761063177437,"[]",
1000,tuned_dyn_cas_bin_sc6,6631.944,555.8537513267315,"[]",
1000,tuned_dyn_cas_bin_sc6,6483.544,567.4524932221199,"[]",
1000,tuned_dyn_cas_bin_sc6,6570.604,507.5378322686891,"[]",
1000,tuned_dyn_cas_bin_sc6,6479.828,587.5916493756528,"[]",
500,optimal_dyn,2935.624,324.45734176313533,"[]",
1000,optimal_dyn,5984.264,475.1848759209409,"[]",
2000,optimal_dyn,12178.188,757.3257401250798,"[]",
500,optimal_dyn_bin,2920.33,303.32497605703355,"[]",
1000,optimal_dyn_bin,5959.82,471.081508446256,"[]",
2000,optimal_dyn_bin,12185.74,722.3547607650967,"[]",
